neurons;loss;accuracy;recall;precision
446;0.005549069028347731;0.9642117619514465;0.9621413946151733;0.9742437601089478
