neurons;loss;accuracy;recall;precision
446;0.005792827811092138;0.9636202454566956;0.9630286693572998;0.9717952609062195
