neurons;loss;accuracy;recall;precision
61;0.005415625404566526;0.9650990962982178;0.9608104228973389;0.9743551015853882
