neurons;loss;accuracy;recall;precision
61;0.01946314051747322;0.8630582690238953;0.8580301403999329;0.9718592762947083
