neurons;loss;accuracy;recall;precision
61;0.01892675645649433;0.863797664642334;0.8590653538703918;0.9722175598144531
