neurons;loss;accuracy;recall;precision
446;0.0034097987227141857;0.9767820239067078;0.9714581370353699;0.9866326451301575
