neurons;loss;accuracy;recall;precision
446;0.00783534161746502;0.9473528265953064;0.9429162740707397;0.9663534164428711
