neurons;loss;accuracy;recall;precision
61;0.022770335897803307;0.8657202124595642;0.8556640148162842;0.9798476099967957
